first_name,last_name,Street,Street_Number,City,State,Zip
Annora,Bausor,Lillian,73,Pensacola,Florida,32505
Sam,Dempsey,Grim,184,Springfield,Massachusetts,1152
Rolland,Hoppner,Hanson,878,San Bernardino,California,92424
Filide,Bryden,Springview,3,West Palm Beach,Florida,33421
Barret,Petrol,Division,6,Indianapolis,Indiana,46278
Ramonda,Seear,Beilfuss,94,Dallas,Texas,75265
Maynord,Noell,Brickson Park,5,Las Vegas,Nevada,89193
Zaria,Hamlyn,Ridgeview,54,London,Kentucky,40745
Fidel,Coke,Armistice,65423,Grand Rapids,Michigan,49505
Branden,Frowde,Golf View,107,Cincinnati,Ohio,45203
Alex,Hache,Park Meadow,6,Washington,District of Columbia,20580
Orelia,Dufall,Raven,5,Lubbock,Texas,79405
Amabel,Troman,Kennedy,7628,Waltham,Massachusetts,2453
Konrad,Sjollema,John Wall,5965,Sacramento,California,94257
Willis,Woollhead,Troy,7644,Bronx,New York,10459
Gregor,Yerborn,Lunder,633,Washington,District of Columbia,20397
Vanni,Georgiades,Butternut,6662,Los Angeles,California,90025
Demetrius,Erat,Graedel,65,Memphis,Tennessee,38119
Velma,Scottrell,Claremont,26,Tucson,Arizona,85748
Dov,Brinson,Mitchell,2,Charleston,West Virginia,25326
Ofelia,Ivantsov,Superior,90,Des Moines,Iowa,50393
Alis,Somner,Center,33,Brooklyn,New York,11220
Othelia,Heinschke,Mallory,5,Chicago,Illinois,60646
Randell,Dargavel,David,65,Tucson,Arizona,85720
Marci,Maren,Manley,7490,Waterloo,Iowa,50706
Harrie,Brise,Del Mar,86,Saint Paul,Minnesota,55166
Dore,Tapton,Carioca,2,Fort Lauderdale,Florida,33305
Colman,Sate,Logan,3,San Jose,California,95160
Arch,Filkin,Ryan,70,Springfield,Illinois,62711
Dougie,Foulcher,Anderson,95941,Kansas City,Missouri,64130
Loella,Cornu,Fairfield,3,Des Moines,Iowa,50315
Libbie,Allerton,Old Shore,1,Salt Lake City,Utah,84140
Emmalynn,Schroder,Golf,81,Minneapolis,Minnesota,55402
Cole,Brilleman,Lawn,905,San Antonio,Texas,78265
Esmeralda,Dignall,Stoughton,2776,Fort Worth,Texas,76115
Adelbert,Howsam,Hansons,351,Appleton,Wisconsin,54915
Wylie,Gransden,Lerdahl,47,Greensboro,North Carolina,27455
Adelheid,Cumbridge,Miller,273,Austin,Texas,78710
Angel,Faherty,Ohio,31800,Norwalk,Connecticut,6854
Elva,Monkhouse,Forest,2068,Santa Rosa,California,95405
Leena,Campagne,Darwin,1961,Portland,Oregon,97232
Dario,Oakland,Portage,235,Washington,District of Columbia,20591
Rycca,Antonchik,Darwin,847,Birmingham,Alabama,35244
Inna,Gentric,Hudson,5908,Fort Myers,Florida,33913
Inness,Marnes,Maryland,1,Jacksonville,Florida,32230
Rance,Clynter,Karstens,91,Miami,Florida,33147
Fernanda,Petroselli,Quincy,410,Macon,Georgia,31217
Brodie,Penhallurick,Old Gate,2,Lansing,Michigan,48956
Martin,Allott,Bunker Hill,98649,Omaha,Nebraska,68117
Timmy,Shiers,Packers,145,New York City,New York,10014
Locke,Haysman,Porter,25,Huntington,West Virginia,25726
Erick,Hawkin,Acker,77,Florence,South Carolina,29505
Kev,Stanlack,Mockingbird,3176,Houston,Texas,77276
Elyssa,Pash,Vahlen,882,Garden Grove,California,92844
Elise,Haverty,Jenna,25,Austin,Texas,78703
Wilfrid,Ewestace,8th,6026,Las Vegas,Nevada,89178
Dora,Olligan,Crest Line,204,Houston,Texas,77266
Justinn,Slocombe,Everett,987,Seattle,Washington,98166
Peyton,Skeene,Jackson,0,Dayton,Ohio,45419
Yoshiko,Welham,Union,857,Davenport,Iowa,52809
Margeaux,Linthead,Waxwing,83,Brooklyn,New York,11236
Dominica,Voaden,Raven,71752,Oklahoma City,Oklahoma,73147
Carr,Gabitis,Forest,769,Atlanta,Georgia,30368
Robin,Yukhnov,Rigney,93,Houston,Texas,77055
Tatiana,Patton,Ramsey,52,Long Beach,California,90831
Angelo,Czajka,Gateway,29563,Spring,Texas,77386
Susi,Lightning,Fisk,80026,Chula Vista,California,91913
Noach,Caroli,Old Gate,91,Columbia,South Carolina,29208
Cchaddie,Vasilevich,Laurel,7,Colorado Springs,Colorado,80935
Gwenneth,Gilford,Moland,281,San Antonio,Texas,78245
Nata,Peerless,Barby,8181,Salinas,California,93907
Cornelia,Hugk,Granby,11,Chico,California,95973
Erena,Carstairs,3rd,6,New Orleans,Louisiana,70116
Shani,Cast,Rieder,363,Fresno,California,93762
Mano,Tuffey,Arrowood,671,Evansville,Indiana,47712
Morse,Edington,Continental,5,Houston,Texas,77065
Marcille,Parcell,Lakewood Gardens,8150,Washington,District of Columbia,20546
Anna,Antognetti,Drewry,571,Dayton,Ohio,45432
Magdalen,Barritt,Pepper Wood,0,Green Bay,Wisconsin,54305
Deeanne,Towhey,Elmside,9,Jackson,Mississippi,39210
Orsa,Timby,Butternut,28560,Springfield,Illinois,62718
Josephine,Himsworth,Packers,98188,White Plains,New York,10606
Marlie,Almak,Elka,855,San Antonio,Texas,78296
Thaddus,Pethick,Armistice,4,Dallas,Texas,75236
Sheila,Dowgill,Division,74,Wilmington,Delaware,19897
Hamil,Ciccetti,Fulton,90,Hot Springs National Park,Arkansas,71914
Rog,Maryan,Utah,1,Albany,New York,12205
Falito,Blinckhorne,Welch,55,Rockville,Maryland,20851
Rory,Patrick,Maple,6010,Lansing,Michigan,48930
Margaux,Noden,Maywood,25784,Little Rock,Arkansas,72222
Ingra,Laphorn,Northwestern,512,Des Moines,Iowa,50335
Lilith,Shadrack,Stuart,883,Fort Lauderdale,Florida,33325
Daryn,Lawling,Towne,97842,New York City,New York,10165
Elonore,Yushkov,Brickson Park,7,Shreveport,Louisiana,71137
Marthe,Hargie,Derek,5,Virginia Beach,Virginia,23459
Madelene,Gricks,Fairfield,35925,Milwaukee,Wisconsin,53277
Lynn,Brandacci,Mccormick,337,Fredericksburg,Virginia,22405
Ethelred,Musla,Ridgeview,7930,Anchorage,Alaska,99599
Korrie,Tolemache,Leroy,2,Washington,District of Columbia,20337
Jo ann,Catonnet,Union,31,Orange,California,92867
Marty,Tarquini,Bay,771,Anchorage,Alaska,99512
Rosalyn,Dominichelli,Oakridge,2,Santa Cruz,California,95064
Christen,Goodram,Dawn,54302,Springfield,Illinois,62776
Elmira,Coggill,Sullivan,3232,Miami,Florida,33283
Hilda,Kimmerling,Coleman,1213,Youngstown,Ohio,44555
Rollin,Vanne,Lunder,69,Virginia Beach,Virginia,23464
Udall,Brass,Starling,5,Reno,Nevada,89595
Arman,Gunn,Buell,20896,Roanoke,Virginia,24009
Launce,Solloway,Riverside,56,Lexington,Kentucky,40524
Tom,Fruser,Petterle,37032,Anderson,Indiana,46015
Thayne,Vannucci,Oakridge,27809,Richmond,Virginia,23293
Wendeline,Moxham,Boyd,13097,Florence,South Carolina,29505
Esdras,Silbert,Oak Valley,6,New York City,New York,10184
Cullan,Ianinotti,Monica,1293,Charlottesville,Virginia,22903
Shanon,Boyer,Pine View,47,Memphis,Tennessee,38104
Lucho,Staniford,Chive,389,Topeka,Kansas,66617
Horten,Gude,Judy,756,Houston,Texas,77212
Pat,Craydon,Hauk,8518,Canton,Ohio,44720
Torrey,Stave,Oakridge,0,Grand Rapids,Michigan,49505
Phineas,Dagnan,Redwing,2646,Washington,District of Columbia,20337
Damita,Cassey,Roth,94888,Baltimore,Maryland,21282
Carroll,McKomb,Rusk,25,Richmond,Virginia,23260
Karrie,Stubs,Fulton,24,Washington,District of Columbia,20010
Leslie,Crosseland,Nevada,8435,Flint,Michigan,48550
Sioux,Ghilks,Merry,7919,Denver,Colorado,80249
Kippar,Woffenden,Goodland,18675,Dallas,Texas,75221
Cary,Still,Doe Crossing,8438,Naples,Florida,33961
Wade,Garvagh,Kim,211,Las Vegas,Nevada,89155
Rourke,Clynman,Delaware,86,Albuquerque,New Mexico,87190
Moria,O'Kinneally,Shoshone,29,Naples,Florida,34102
Saxon,Assaf,Dunning,67465,Salt Lake City,Utah,84115
Rikki,Solomon,Hanover,559,Anchorage,Alaska,99512
Leopold,Igglesden,Leroy,32,Knoxville,Tennessee,37995
Marnie,Oseman,East,8,Indianapolis,Indiana,46216
Marcella,Jorin,Buena Vista,48278,Washington,District of Columbia,20525
Rhona,Casel,Portage,76817,San Diego,California,92196
Garrick,Waterhous,Farmco,50,Erie,Pennsylvania,16510
Leigh,Clarabut,Daystar,3379,Omaha,Nebraska,68197
Jacky,Perroni,Di Loreto,95071,New York City,New York,10170
Gale,Chaundy,Fisk,247,Springfield,Ohio,45505
Suzette,Moret,Kipling,80,Tucson,Arizona,85725
Silvano,Bowerman,Spaight,34,Chattanooga,Tennessee,37416
Beryle,Hubery,Norway Maple,563,Buffalo,New York,14233
Addie,Woolston,Little Fleur,21,Little Rock,Arkansas,72222
Virginie,Stanlike,Talmadge,0,El Paso,Texas,79984
Rochette,O'Geneay,Florence,4013,Vienna,Virginia,22184
Olag,Chaldecott,Bobwhite,34745,Syracuse,New York,13251
Mayer,Bernardelli,Bunting,946,Seattle,Washington,98140
Shaine,Wehden,Ridgeview,63,Austin,Texas,78754
Beltran,Petrenko,Esker,11,Denver,Colorado,80262
Cull,Stubbert,Russell,54688,Charlotte,North Carolina,28256
Jeannette,Fareweather,Coolidge,2,Bradenton,Florida,34205
Karola,Rubertis,Dovetail,9,Philadelphia,Pennsylvania,19141
Winny,Feldheim,Grim,8,Detroit,Michigan,48295
Claudio,Desesquelle,Boyd,662,Washington,District of Columbia,56944
Hallie,Kuhlen,Cambridge,403,Colorado Springs,Colorado,80910
Leland,Keiley,Gina,47,Yakima,Washington,98907
Karin,Gaunt,Longview,8221,Montgomery,Alabama,36195
Veronica,Joseph,Huxley,7748,Albany,New York,12255
Phillis,Kobsch,Tomscot,8,Hot Springs National Park,Arkansas,71914
Lois,Villalta,Portage,45,San Diego,California,92196
Neall,Wyness,Laurel,6,Chattanooga,Tennessee,37405
Paulie,Wildt,West,6346,Saint Paul,Minnesota,55188
Augy,McGhee,Veith,3866,New Orleans,Louisiana,70142
Annette,Gadd,Dawn,50,Maple Plain,Minnesota,55579
Brandice,Synder,Kropf,811,Hartford,Connecticut,6145
Delcine,Laidlaw,Portage,243,Seattle,Washington,98195
Lou,MacCaffery,Hagan,3218,Longview,Texas,75605
Ruby,Atlay,Ridgeway,74356,North Little Rock,Arkansas,72199
Kettie,Sorrell,Westridge,626,Stockton,California,95298
Ulberto,Hulls,Cordelia,8,Colorado Springs,Colorado,80930
Bernetta,Arrault,Summit,645,Houston,Texas,77299
Didi,Olohan,La Follette,80,Montgomery,Alabama,36195
Berri,Duffield,Autumn Leaf,83395,Raleigh,North Carolina,27610
Dory,Ions,Onsgard,9441,Arlington,Texas,76004
Dona,Sibbs,Little Fleur,95,Washington,District of Columbia,20430
Anny,Waddams,Dwight,6705,Cleveland,Ohio,44105
Nydia,Manueli,Kennedy,55471,Davenport,Iowa,52809
Conrad,Jacobsohn,Loeprich,73,Huntington,West Virginia,25770
Rosa,Suttling,Sutteridge,9914,Philadelphia,Pennsylvania,19136
Bernice,Roizn,Corry,19109,Prescott,Arizona,86305
Kessiah,Daunay,Manitowish,32,Charleston,South Carolina,29403
Wyn,Tolworth,Arapahoe,5706,Grand Rapids,Michigan,49510
Balduin,Fihelly,Fulton,956,Longview,Texas,75605
Milli,Layhe,Gulseth,777,Canton,Ohio,44705
Friedrick,Lassen,High Crossing,6,Fresno,California,93778
Kirby,Croal,East,96957,Akron,Ohio,44329
Madelene,Wetherell,Hoard,90043,Marietta,Georgia,30061
Norton,Werlock,Chinook,59,Jamaica,New York,11436
Weston,Behan,Springview,15760,Richmond,Virginia,23213
Cory,Beeswing,Luster,8,Tulsa,Oklahoma,74141
Imelda,Rishbrook,Continental,0,Oklahoma City,Oklahoma,73129
Nathaniel,Heavyside,Hagan,7830,Portland,Oregon,97240
Kennett,Briton,Cordelia,5971,Meridian,Mississippi,39305
Katharine,Brushneen,Michigan,70,Temple,Texas,76505
Maiga,Stelle,Kedzie,68,Houston,Texas,77255
Lydon,Coghill,Pennsylvania,44,Jacksonville,Florida,32259
Reidar,Dunkerly,Raven,5,Delray Beach,Florida,33448
Bernarr,Narup,Susan,10587,Dayton,Ohio,45454
Barrie,Duddridge,Jenifer,1,Shreveport,Louisiana,71137
Myrvyn,Quincey,Boyd,32,Charlotte,North Carolina,28299
Laurene,Scottrell,Bonner,88340,Baltimore,Maryland,21281
Walsh,Keyes,Clemons,374,Marietta,Georgia,30061
Curr,Iacovozzo,Pankratz,326,Las Vegas,Nevada,89155
Aluino,Wilkes,Hanson,81,Sterling,Virginia,20167
Marv,Mixer,Tennyson,8,Lexington,Kentucky,40524
Catina,Chastel,Porter,9,Austin,Texas,78744
Jana,Abramino,Darwin,66,Charlotte,North Carolina,28205
Casar,Corbie,Mandrake,3,Peoria,Illinois,61614
Josephine,Fish,Claremont,128,Washington,District of Columbia,20404
Vivyanne,Kindall,Kipling,323,Manassas,Virginia,22111
Cesar,Monger,Sundown,93,Aurora,Colorado,80044
Winna,Phipp,Hansons,0,Erie,Pennsylvania,16534
Ashlen,Kampshell,Mayer,5610,Detroit,Michigan,48217
Michail,Duval,Heath,21,Oklahoma City,Oklahoma,73109
Kath,Mursell,Schiller,13935,Sacramento,California,95828
Odilia,Prandoni,Coleman,1604,Bridgeport,Connecticut,6606
Elane,Nacci,Green,6171,Pocatello,Idaho,83206
Dominic,Ubsdell,Surrey,58054,Tampa,Florida,33625
Caye,Fey,Bayside,6285,Fort Lauderdale,Florida,33345
Barry,Jarlmann,Dawn,90,Columbus,Ohio,43210
Saunderson,Broomer,Iowa,5,Austin,Texas,78710
Connie,Sedgmond,Bluejay,74,Richmond,Virginia,23277
Emelina,Haggard,Tony,1874,Rochester,New York,14652
Demetri,Mattis,Jay,292,Newport Beach,California,92662
Margret,Eirwin,Darwin,10,South Lake Tahoe,California,96154
Dorris,Joseland,Westend,5617,Troy,Michigan,48098
Bridie,Scintsbury,Sunnyside,78,Mesquite,Texas,75185
Zebulon,Foro,Gerald,6718,Syracuse,New York,13210
Klara,Volett,Orin,8,Hartford,Connecticut,6120
Xenos,Nissle,Crescent Oaks,21,Saint Louis,Missouri,63110
Tommie,St Ledger,Cardinal,23036,Las Vegas,Nevada,89150
Lida,Rhydderch,Knutson,9,Arlington,Virginia,22217
Boyce,Clougher,Walton,0,Waterbury,Connecticut,6726
Lena,Cleugher,1st,6824,Chicago,Illinois,60630
Garvy,Tweede,Grim,0,Lancaster,California,93584
Emelina,Rames,Cherokee,37,Sioux City,Iowa,51110
Nonie,Kimmerling,Arapahoe,83,Inglewood,California,90398
Reggie,Waggatt,Lakewood Gardens,987,Columbus,Ohio,43240
Maurice,Manske,Ilene,20,El Paso,Texas,79950
Coletta,Clavering,Warner,0,North Las Vegas,Nevada,89036
Brook,Diter,Charing Cross,16,Cincinnati,Ohio,45233
Melissa,Hearley,Trailsway,0,San Francisco,California,94126
Ban,Dislee,Summerview,4224,Carol Stream,Illinois,60351
Annis,Hurlston,Derek,3,Stockton,California,95205
Alys,Leman,Barnett,90246,Miami,Florida,33185
Berty,Mullenger,Gulseth,57,Bradenton,Florida,34205
Ilysa,Seman,Bobwhite,6194,Yonkers,New York,10705
Lynnell,Nancarrow,Londonderry,4115,Albuquerque,New Mexico,87180
Ric,Henighan,Arkansas,323,Houston,Texas,77228
Malorie,Goodhew,Helena,1,Kansas City,Missouri,64144
Curry,Kasperski,Daystar,62765,Lake Worth,Florida,33467
Grenville,Tooher,Waywood,30156,Little Rock,Arkansas,72204
Lolita,Risdall,Redwing,88,Monticello,Minnesota,55590
Oswald,Grigorey,Quincy,8888,Tucson,Arizona,85705
Bink,Sheppard,Main,11,Austin,Texas,78744
Stafford,Sheather,Dennis,116,Honolulu,Hawaii,96810
Lorenzo,Fearon,Manufacturers,9593,Dallas,Texas,75372
Marie,Margaret,Colorado,30644,Canton,Ohio,44760
Bernetta,Pervew,Huxley,4753,Cincinnati,Ohio,45223
Esteban,Gifkins,Sauthoff,4,Bradenton,Florida,34205
Delbert,Spering,Warrior,27573,Detroit,Michigan,48206
Marylee,Santoro,Sycamore,7321,New York City,New York,10099
Niel,Iacovaccio,Lighthouse Bay,1,El Paso,Texas,79940
Joby,Buttriss,Iowa,71682,Augusta,Georgia,30911
Margi,Amies,Saint Paul,3,Washington,District of Columbia,20599
Aile,Iston,Division,87629,Anderson,Indiana,46015
Tanner,Dumblton,Delladonna,520,Gadsden,Alabama,35905
Thorny,Jackett,Chinook,219,Salt Lake City,Utah,84120
Hesther,Sarra,Hintze,3,Philadelphia,Pennsylvania,19172
Elia,Pay,Graceland,8638,Miami,Florida,33147
Olivier,Martynka,Thackeray,6056,Mc Keesport,Pennsylvania,15134
Emiline,Makinson,Barby,77502,West Palm Beach,Florida,33405
Candis,Bonifant,Rieder,667,Fairfield,Connecticut,6825
Felix,Dungey,Valley Edge,0,New York City,New York,10270
Mara,Ciobutaru,Moland,64561,Macon,Georgia,31210
Alfreda,McPhillips,Grim,81,Indianapolis,Indiana,46278
Stephi,Matignon,Hallows,6766,Hialeah,Florida,33013
Fey,Haeslier,Grayhawk,7,Louisville,Kentucky,40205
Even,Eilhersen,Graceland,5512,Sunnyvale,California,94089
Dannie,Veck,Goodland,1721,Bakersfield,California,93311
Alfonso,Trickey,Hermina,278,Albany,New York,12205
Cathrine,Dillow,Jay,87,Glendale,California,91210
Stanton,Kennion,Manitowish,8,Littleton,Colorado,80161
Rozamond,Gilmore,Doe Crossing,7,Indianapolis,Indiana,46247
Sile,McClure,Brown,54,Des Moines,Iowa,50315
Helenka,Hilling,Golden Leaf,32,Scranton,Pennsylvania,18505
Saree,Biddlestone,Forest Dale,905,Flushing,New York,11355
Fionnula,Matuszewski,Orin,1,Arlington,Virginia,22244
Gibby,Brede,Mosinee,8323,Tucson,Arizona,85754
Moise,Colls,Laurel,43,Palatine,Illinois,60078
Lindsey,Tomaszek,Evergreen,40,Vero Beach,Florida,32964
Rockie,Jennaway,Di Loreto,1,Seminole,Florida,34642
Koral,Rennenbach,Myrtle,212,Miami,Florida,33196
Bernie,Von Der Empten,Eagan,0,Denver,Colorado,80228
Jeremiah,Ducarne,David,3,Seattle,Washington,98115
Dara,Caddies,Stang,86,Melbourne,Florida,32919
Ferd,Jerke,Forest,51507,Fort Wayne,Indiana,46825
Maxi,Gever,Nelson,557,Everett,Washington,98206
Adiana,Cornelius,Meadow Ridge,60834,Topeka,Kansas,66699
Tomlin,Godman,Sunnyside,3073,Saginaw,Michigan,48604
Vita,Cluckie,Meadow Valley,13453,El Paso,Texas,88553
Muire,Jaeggi,Alpine,5611,Lynchburg,Virginia,24503
Doreen,Atkyns,Walton,19,Saint Cloud,Minnesota,56372
Arlana,Truin,Hanover,72337,Dayton,Ohio,45414
Sibley,Pibsworth,Packers,80,Charleston,West Virginia,25326
Rochell,Worsfield,Susan,8416,Staten Island,New York,10310
Leelah,Di Biagi,Roth,3,Detroit,Michigan,48211
Alfy,Kill,Moose,5682,Sioux Falls,South Dakota,57188
Cara,Lamlin,Stephen,5305,Vienna,Virginia,22184
Jennine,Jenicke,Columbus,97,Los Angeles,California,90189
Roselle,Emer,Westport,4425,New York City,New York,10079
Tammara,Adelberg,Holy Cross,760,Van Nuys,California,91499
Amabelle,MacAne,Commercial,54,Buffalo,New York,14269
Vickie,Szreter,Oxford,73,Lake Charles,Louisiana,70616
Tarra,Tomkins,Warrior,4,Hialeah,Florida,33018
Dido,Brookesbie,Judy,2584,Richmond,Virginia,23213
Emmalynn,Skevington,Service,2,Racine,Wisconsin,53405
Arabel,Kenyam,Fisk,45,Alexandria,Virginia,22333
Clayson,Quoit,Caliangt,73,Long Beach,California,90805
Jasen,McArthur,Pierstorff,7282,Rochester,Minnesota,55905
Willis,Buxey,Holy Cross,23,Fort Myers,Florida,33913
Robena,Grendon,Heath,562,Orlando,Florida,32813
Barnabas,Hyndley,Brown,1,Flushing,New York,11355
Neall,Spickett,Banding,6,Amarillo,Texas,79182
Eveleen,Hemphrey,Golf Course,22749,Boston,Massachusetts,2114
Harli,Critoph,Sycamore,53,Dallas,Texas,75251
Annamaria,Hallowes,Coleman,64,Fresno,California,93750
Fin,Niemiec,Prairieview,15627,Huntington,West Virginia,25709
Carly,Cawsey,Forster,3407,Troy,Michigan,48098
Eden,Youell,Starling,2,Dallas,Texas,75372
Dionis,Parton,Anhalt,527,Oklahoma City,Oklahoma,73119
Charmian,Campsall,Fremont,0,Santa Cruz,California,95064
Grantley,Dykes,Lien,95359,Fort Lauderdale,Florida,33315
Joy,Sewart,Northridge,75285,Tampa,Florida,33661
Gayleen,Pryor,Goodland,79,Norfolk,Virginia,23520
Richard,Woodyear,Arapahoe,936,Alpharetta,Georgia,30022
Finley,Gallon,Sutteridge,591,Chicago,Illinois,60630
Gale,Von Hindenburg,Stoughton,73966,Garden Grove,California,92844
Nikolai,Hek,Cody,1027,Mc Keesport,Pennsylvania,15134
Perrine,Ollerearnshaw,Forster,34,Mesa,Arizona,85210
Curt,Thistleton,Maple,2908,Newark,New Jersey,7195
Ward,Gianelli,Parkside,8305,Chicago,Illinois,60674
Trevar,Delgua,Waywood,260,Memphis,Tennessee,38161
Angelico,Duffrie,Corben,323,Terre Haute,Indiana,47805
Morgen,Duckering,Hintze,212,Erie,Pennsylvania,16522
Clareta,Pearcehouse,Lotheville,96518,Reston,Virginia,20195
Deb,Broggetti,Hayes,54,Brooklyn,New York,11225
Nady,Foord,Toban,213,Orlando,Florida,32825
Aline,Sagg,Del Mar,6022,Birmingham,Alabama,35231
Marty,Debling,8th,6115,Alexandria,Virginia,22333
Drud,Toffolo,Esker,81,Lincoln,Nebraska,68517
Philipa,Ellerman,Cambridge,344,Monroe,Louisiana,71213
Belinda,Waryk,Basil,11261,Dallas,Texas,75310
Thornton,Proudler,Caliangt,332,Jacksonville,Florida,32204
Reuven,Woodham,Grayhawk,5092,Austin,Texas,78769
Lanae,Kyncl,Judy,94,Boston,Massachusetts,2203
Wyn,Richemond,Old Shore,255,Washington,District of Columbia,20005
Lennie,Hacquel,High Crossing,6471,Sunnyvale,California,94089
Adey,Raymont,Eagle Crest,29596,Grand Rapids,Michigan,49505
Paul,Pursey,Fremont,83459,Austin,Texas,78778
Cinderella,Cissen,Transport,86178,Austin,Texas,78715
Roberta,Amer,Blaine,7697,Phoenix,Arizona,85077
Kit,Hollyer,Troy,9,Toledo,Ohio,43615
Clair,Ricciardelli,Riverside,7894,New York City,New York,10045
Euell,Noseworthy,Summer Ridge,4589,Lexington,Kentucky,40576
Elwira,Herion,Shelley,72840,Young America,Minnesota,55573
Gusta,Heartfield,Schurz,979,Columbus,Ohio,43240
Theo,Matfin,Crest Line,91,Atlanta,Georgia,31136
Pancho,Foister,Spenser,8,Jamaica,New York,11480
Margalo,Soppett,Sundown,137,Spokane,Washington,99210
Werner,Anstie,Shelley,4,Long Beach,California,90847
Pearla,Motte,Warbler,8738,Washington,District of Columbia,20370
Joe,Mattiello,Pleasure,62442,Phoenix,Arizona,85025
Hallsy,Berens,Cambridge,9003,Knoxville,Tennessee,37931
Charmine,Gogie,Bowman,9798,Chicago,Illinois,60604
Nicko,Kettles,East,571,Lincoln,Nebraska,68510
Maximo,Reston,Melvin,536,Columbus,Ohio,43231
Stephanus,Monard,Helena,49,Pueblo,Colorado,81010
Giraud,Vink,Mallory,852,Washington,District of Columbia,20215
Baxie,Grassi,Scott,48,Erie,Pennsylvania,16534
Yoshi,Womersley,Laurel,631,Portland,Oregon,97229
Idette,Hastwell,Blackbird,9650,Richmond,Virginia,23220
Talya,Taunton,Homewood,5712,Portland,Oregon,97255
Lettie,Mellor,Laurel,4914,Nashville,Tennessee,37245
Beverie,Chaster,Cardinal,0,El Paso,Texas,88569
Margarita,Mulles,New Castle,66913,Saint Louis,Missouri,63196
Leila,Ivanenko,Ronald Regan,7,Richmond,Virginia,23225
Salmon,Ouldcott,Dottie,3,Schaumburg,Illinois,60193
Jaquelin,Everex,Cottonwood,33,Los Angeles,California,90005
Antons,Volet,Main,424,Austin,Texas,78769
Lynnell,Keaveney,Forster,47,Zephyrhills,Florida,33543
Artemas,Echallier,Dottie,27,Colorado Springs,Colorado,80945
Melodee,Burden,Messerschmidt,9522,Flint,Michigan,48555
Huntlee,Tedorenko,Manley,32115,Duluth,Minnesota,55811
Marnie,Zarfat,Fairfield,50068,Virginia Beach,Virginia,23464
Brynne,Claxton,Leroy,55365,Amarillo,Texas,79118
Quincy,Garm,Nevada,8714,Beaverton,Oregon,97075
Hillier,Cambling,Browning,115,San Diego,California,92127
Adolphus,Davidovic,Spenser,90,Los Angeles,California,90015
Angela,Gorman,Stuart,4,Lees Summit,Missouri,64082
Morgun,Bram,Lakeland,19242,Des Moines,Iowa,50393
Kelsy,Johnigan,Colorado,62,Memphis,Tennessee,38143
Prisca,Seamark,Sauthoff,252,Oklahoma City,Oklahoma,73142
Consuela,Delph,Huxley,82321,Fargo,North Dakota,58106
Magdalen,Coldridge,Forest Dale,5,Denver,Colorado,80255
Freddie,Bruck,Blaine,9,Irving,Texas,75062
Vladamir,Masurel,Meadow Vale,1437,Vancouver,Washington,98682
Florette,MacCoveney,Green Ridge,63,Houston,Texas,77015
Gannon,Bareham,West,0,Charlotte,North Carolina,28247
Rik,Linstead,Colorado,5266,Tulsa,Oklahoma,74193
Juli,Autry,Carioca,92,Sioux City,Iowa,51110
Chad,Shreeve,Mendota,856,Milwaukee,Wisconsin,53220
Wash,O' Timony,Anthes,29891,Pasadena,California,91131
Harwell,Fredy,Katie,20943,Salem,Oregon,97312
Mia,Browne,Lindbergh,2,Colorado Springs,Colorado,80951
Twila,Simants,Dapin,45732,Charlotte,North Carolina,28272
Augustine,Arling,Sommers,5,Tulsa,Oklahoma,74133
Darrin,Rochester,Basil,19539,San Diego,California,92186
Vickie,Allsobrook,Kipling,308,Huntington,West Virginia,25705
Lilia,Naulty,Twin Pines,9,El Paso,Texas,79955
Paige,Hunnam,Hovde,5851,Phoenix,Arizona,85020
Jermaine,Doreward,Kensington,670,Greensboro,North Carolina,27404
Fina,Harmeston,Elgar,201,Salt Lake City,Utah,84105
Bernadette,Taree,Kinsman,4212,Young America,Minnesota,55557
Waverley,Gilcrist,Straubel,39,Saint Paul,Minnesota,55127
Ryley,Wildin,Oakridge,8,New York City,New York,10275
Feliks,Ajean,Pankratz,598,Escondido,California,92030
Glad,Dommett,Roth,573,Rochester,New York,14619
Yalonda,Hagard,Red Cloud,918,Billings,Montana,59105
Emma,Clapperton,Butternut,393,Phoenix,Arizona,85005
Loutitia,Gumme,Kim,16,Knoxville,Tennessee,37931
Belinda,Ashbe,Meadow Valley,25,Charlotte,North Carolina,28210
Sanderson,Sidey,Coolidge,25746,Huntington,West Virginia,25770
Martguerita,Sapp,Basil,1665,Monticello,Minnesota,55585
Corilla,Martinson,Lyons,42,Englewood,Colorado,80150
Adela,Inmett,Farragut,34597,Bridgeport,Connecticut,6606
June,Le Marchant,Killdeer,4738,Houston,Texas,77095
Evaleen,Bastiman,Evergreen,6,Pensacola,Florida,32590
Lamar,Emblen,Porter,25202,Colorado Springs,Colorado,80935
Reggie,Beggio,Ilene,301,Tucson,Arizona,85737
Vita,Wharram,Monterey,28,Tulsa,Oklahoma,74184
Reena,Twinbrow,Grim,6637,Saint Paul,Minnesota,55103
Matthieu,Veque,Kropf,8142,Everett,Washington,98206
Mannie,Dogerty,Fisk,4,Tulsa,Oklahoma,74184
Ferris,Blyth,Ohio,5,Houston,Texas,77060
Herc,Blasdale,Burrows,3783,Pensacola,Florida,32526
Jenilee,Kunz,Pine View,65256,Cincinnati,Ohio,45249
Grata,Harrowsmith,Schurz,4987,San Diego,California,92153
Brinna,Stainson,American,0,Tulsa,Oklahoma,74184
Thorstein,Traynor,Crescent Oaks,31,Topeka,Kansas,66699
Fraser,Klaes,Arizona,69513,Roanoke,Virginia,24020
Ethelred,Macer,Meadow Vale,75,Garland,Texas,75044
Euell,Tebald,Nelson,0,Evansville,Indiana,47705
Nonna,Sudron,Holy Cross,526,Albuquerque,New Mexico,87195
James,Dwine,Crest Line,4,Washington,District of Columbia,20404
Michaella,Lackington,Gulseth,3401,Washington,District of Columbia,20260
Lisetta,Febry,Commercial,81707,Tampa,Florida,33680
Worthington,Abys,Muir,8,Stockton,California,95219
Samara,Sprott,Burrows,53569,Saint Petersburg,Florida,33705
Jone,Mardlin,Onsgard,183,Metairie,Louisiana,70033
Genni,Huckell,Prairieview,765,Baltimore,Maryland,21290
Klarika,Lathey,New Castle,52224,Fort Lauderdale,Florida,33305
Bunnie,Pattisson,Mitchell,9955,Charlotte,North Carolina,28205
Valerye,Otham,Dawn,3,Washington,District of Columbia,20566
Norman,Ashbolt,Menomonie,681,East Saint Louis,Illinois,62205
Katharina,Fewster,Brown,44416,Cumming,Georgia,30130
Casar,Treffry,Ridgeway,6,Jefferson City,Missouri,65110
Abra,Gaymar,Longview,9928,Pasadena,Texas,77505
Drugi,Gibbieson,La Follette,9866,Greensboro,North Carolina,27409
Katine,Hainsworth,Bluejay,63480,Atlanta,Georgia,31119
Regine,Ives,American,29,Carson City,Nevada,89714
Gisela,Pembry,Summit,32810,Huntsville,Alabama,35805
Paxon,Looney,Bobwhite,3949,Roanoke,Virginia,24029
Hugo,Gusney,Ronald Regan,71364,Boise,Idaho,83711
Derron,Muat,Farragut,71066,Dayton,Ohio,45490
Raynard,Ibbett,Bayside,29498,Pittsburgh,Pennsylvania,15240
Kennith,Creed,Boyd,35066,Fort Smith,Arkansas,72905
Boothe,Pionter,Thackeray,2104,Little Rock,Arkansas,72215
Corbin,Jocelyn,Bowman,469,Oakland,California,94616
Monika,Natalie,Golf Course,52,Young America,Minnesota,55573
Butch,Tilbey,Lakewood,963,Columbia,South Carolina,29203
Janene,Penner,Hooker,62,Madison,Wisconsin,53785
Kimmi,Storror,Daystar,2,Dallas,Texas,75367
Emmit,Rookledge,Dixon,72,Kalamazoo,Michigan,49048
Marketa,Lusgdin,Carberry,7081,Indianapolis,Indiana,46231
Charlotte,Felgat,Meadow Ridge,7,Moreno Valley,California,92555
Dyana,Brettor,Stone Corner,58218,Saint Louis,Missouri,63110
Karyl,Lewisham,Gerald,988,Warren,Ohio,44485
Murielle,Ughetti,Manitowish,9414,Gaithersburg,Maryland,20883
Mikol,Burrus,North,78,New Orleans,Louisiana,70129
Niall,Wahlberg,Morrow,2741,Fort Worth,Texas,76110
Rosy,Marley,Lake View,1,Rockville,Maryland,20851
Charyl,Pavolini,International,8,Raleigh,North Carolina,27610
Debra,Faragher,Towne,6074,Phoenix,Arizona,85040
Darren,Riglesford,Killdeer,5,Charleston,South Carolina,29411
Drusilla,Jubert,Fordem,99,El Paso,Texas,79999
Paquito,Sizeland,Westend,8,Tulsa,Oklahoma,74184
Aguistin,Croker,Red Cloud,645,Canton,Ohio,44760
Martguerita,Boyall,Continental,567,Roanoke,Virginia,24020
Nehemiah,Francklyn,Beilfuss,263,Denver,Colorado,80204
Jamal,Cassidy,Bashford,1790,El Paso,Texas,79934
Ned,Falvey,Shasta,87,Salt Lake City,Utah,84120
Sibylla,Pagen,Bay,92720,Fayetteville,North Carolina,28314
Ailyn,Mahy,Susan,365,Lexington,Kentucky,40515
Micki,Bermingham,Transport,52240,Jamaica,New York,11499
Sorcha,Feye,Judy,63,Killeen,Texas,76544
Randi,Jerman,Erie,4563,Alexandria,Virginia,22301
Park,Sinton,Browning,205,Reno,Nevada,89519
Lauren,McCuthais,Lotheville,5,Dallas,Texas,75265
Florrie,Gowanson,Glacier Hill,674,Memphis,Tennessee,38119
Agna,Pencott,Riverside,2380,Baton Rouge,Louisiana,70883
Morrie,Dowd,Comanche,19,Tampa,Florida,33625
Ashil,Lagneaux,Judy,7087,Anniston,Alabama,36205
Page,Corking,Dottie,2516,Melbourne,Florida,32941
Angil,Mummery,Sugar,8230,Denver,Colorado,80241
Easter,Chamley,Green Ridge,524,Memphis,Tennessee,38119
Irma,Toffler,Ridgeview,256,Springfield,Ohio,45505
Reinhard,Farquarson,Maywood,83293,Seattle,Washington,98133
Janek,O'Towey,7th,9,Corpus Christi,Texas,78415
Stanislaus,Brassill,Stephen,50,Lincoln,Nebraska,68583
Currie,Casey,Rutledge,802,Saint Louis,Missouri,63116
Christie,Rendle,Swallow,285,Canton,Ohio,44760
Neysa,Papworth,Loomis,328,Milwaukee,Wisconsin,53277
Mame,Espie,Redwing,76,Tampa,Florida,33625
Jefferson,Janik,Vahlen,80,Saint Paul,Minnesota,55123
Catarina,Tremberth,Mayer,6093,Dallas,Texas,75342
Lauren,Housden,Buhler,69588,Alexandria,Virginia,22301
Alvera,Gladebeck,Pennsylvania,28,Erie,Pennsylvania,16510
Valeda,Sedwick,Kipling,14647,Charlotte,North Carolina,28225
Kendricks,Marusik,Ridgeway,502,New Hyde Park,New York,11044
Codi,Almack,Sycamore,4027,San Antonio,Texas,78220
Meagan,Firby,Del Sol,291,Anchorage,Alaska,99517
Maurise,Gauford,Mallory,26,Chico,California,95973
Jillana,Dragonette,Prairie Rose,2,Waco,Texas,76796
Maddalena,Eustace,Chive,891,Sacramento,California,94257
Poul,Hune,Hazelcrest,21,Idaho Falls,Idaho,83405
Clayson,Faers,Mockingbird,8,Washington,District of Columbia,20566
Amandie,Gaye,Transport,6,Spring Hill,Florida,34611
Betta,Grandham,Southridge,238,Dayton,Ohio,45408
Teena,Spilsbury,Luster,2,Fort Wayne,Indiana,46867
Danna,Agnew,Dixon,9757,Bellevue,Washington,98008
Genvieve,Baggott,Schlimgen,3,Largo,Florida,34643
Ely,Mehew,Sunfield,5331,Pittsburgh,Pennsylvania,15274
Frieda,Saunton,High Crossing,975,Boston,Massachusetts,2119
Isahella,Peachman,Grasskamp,1,Pinellas Park,Florida,34665
Mureil,Hendrik,Clemons,30786,Saint Petersburg,Florida,33715
Averil,Lissandri,Cordelia,1161,Phoenix,Arizona,85035
Noam,Weld,Commercial,69322,Dayton,Ohio,45470
Alastair,Ballay,Hoard,6267,Portland,Oregon,97211
Gannon,Scarborough,Grasskamp,89467,Honolulu,Hawaii,96835
Carolyn,Stonhewer,Gerald,7705,Sacramento,California,94250
Margarita,Kisbey,Loomis,353,Newton,Massachusetts,2458
Paul,Slay,Lillian,754,Atlanta,Georgia,30380
Corabella,Slyman,Eastwood,158,Decatur,Georgia,30033
Bartolomeo,Bidmead,Darwin,9,New York City,New York,10292
Donnell,Franc,Dwight,4314,Paterson,New Jersey,7505
Constantin,Wigmore,Northfield,8,Hartford,Connecticut,6140
Eolanda,Gerrets,Michigan,77,Fort Lauderdale,Florida,33330
Angelique,Smoughton,International,0,Richmond,Virginia,23242
Margot,Voaden,Monterey,727,Philadelphia,Pennsylvania,19178
Enrichetta,Paulig,Declaration,29805,Portland,Oregon,97271
Abelard,Joney,Summit,878,El Paso,Texas,79916
Maritsa,Plum,International,37105,Memphis,Tennessee,38143
Judd,Vaudrey,Moose,14437,Rochester,New York,14614
Hali,Gaize,Lillian,2,Panama City,Florida,32405
Cecile,Ondrusek,Sloan,84,Greensboro,North Carolina,27409
Teresina,Foat,Macpherson,28,Bradenton,Florida,34282
Norton,Hoggin,Hoard,82147,San Antonio,Texas,78291
Nerte,Leacy,Evergreen,303,Aurora,Colorado,80015
Lyssa,Rehor,Cody,21911,Saint Louis,Missouri,63104
Eric,Rowena,Lakewood Gardens,75667,Minneapolis,Minnesota,55480
Bellanca,Mainz,Burrows,1537,Houston,Texas,77234
Mollee,Glander,Karstens,85017,Lafayette,Louisiana,70593
Raleigh,Blockey,Dexter,41,Erie,Pennsylvania,16505
Paula,Scini,Golf View,11,Los Angeles,California,90076
Elna,Haffard,Westend,4157,Virginia Beach,Virginia,23459
Maggy,Wingeat,Waxwing,2,Bethesda,Maryland,20816
Darla,Burbury,Mesta,69,Albany,New York,12247
Allsun,Plaskitt,Northwestern,19789,Minneapolis,Minnesota,55441
Oliy,Ash,Cottonwood,7,Portsmouth,New Hampshire,214
Georgetta,Lackey,Vermont,46461,Henderson,Nevada,89012
Doyle,Coleridge,Comanche,9847,Bismarck,North Dakota,58505
Mordy,Hentzeler,Londonderry,2,Milwaukee,Wisconsin,53277
Lonny,Kuschke,Corscot,35010,Bloomington,Illinois,61709
Sherry,Gallgher,3rd,971,Reno,Nevada,89510
Lazare,Soonhouse,Lunder,580,Cincinnati,Ohio,45223
Tome,Jevon,Brown,588,Brooklyn,New York,11254
Ruthie,Packe,Algoma,839,Tampa,Florida,33673
Nikki,Terzi,Scofield,3333,Richmond,Virginia,23242
Shara,Brimm,Sutherland,155,Montgomery,Alabama,36119
Valli,Bullard,Rusk,748,Humble,Texas,77346
Ranee,Arrigo,Fairfield,24,Memphis,Tennessee,38114
Adria,Emslie,Canary,33433,Philadelphia,Pennsylvania,19131
Franciska,Godthaab,Veith,468,Milwaukee,Wisconsin,53220
Kathryne,Glawsop,Blue Bill Park,89,Tucson,Arizona,85705
Dick,Mellish,Porter,2507,Lexington,Kentucky,40510
Erroll,Labone,Sugar,76940,Madison,Wisconsin,53790
Murial,Issacof,Hagan,88,Pasadena,Texas,77505
Elene,Crinion,Redwing,6,Austin,Texas,78715
Archibald,Kellett,Oak,96,Atlanta,Georgia,30343
Blythe,Borrell,Springs,631,Dallas,Texas,75353
Carny,Colnet,Hanson,8,Spokane,Washington,99210
Shurlocke,Donizeau,Old Shore,806,Green Bay,Wisconsin,54313
Theodora,Bonfield,Schlimgen,5,Allentown,Pennsylvania,18105
Brear,Evens,Hermina,8,Irving,Texas,75062
Hedwig,Marjoribanks,Darwin,4,Spartanburg,South Carolina,29319
Jean,Wabe,Porter,97,Fort Worth,Texas,76110
Nelle,Booler,Golden Leaf,71606,Canton,Ohio,44705
Manuel,Moriarty,Dahle,3,San Diego,California,92132
Kendall,Money,Ryan,0,Brooklyn,New York,11215
Gustie,Prendergrast,Florence,53404,Denton,Texas,76205
Emelina,Andrusyak,Northfield,5425,Santa Monica,California,90410
Hagan,Stampe,Forest Dale,7,Tampa,Florida,33605
Darline,Lepoidevin,Schmedeman,978,Indianapolis,Indiana,46202
Ricki,Piers,Michigan,423,Tulsa,Oklahoma,74193
Lovell,Raggles,Morning,6,Charleston,West Virginia,25326
Kermie,Speller,Surrey,16792,Topeka,Kansas,66617
Lia,Pinwell,Schurz,35,Tulsa,Oklahoma,74149
Ulberto,Alwin,Rigney,5,Brooklyn,New York,11225
Flint,Falkner,Longview,6880,Houston,Texas,77070
Sheeree,Hehl,Granby,7368,Fort Worth,Texas,76121
Dallas,Wathall,Ludington,70,Fresno,California,93750
Othilie,Maguire,School,67,Columbus,Georgia,31914
Tasha,Jakubovicz,Sundown,5,Brooklyn,New York,11215
Beverie,Hayford,Shelley,52706,Naperville,Illinois,60567
Danette,Minico,Chive,906,New York City,New York,10115
Leanna,Ducker,Di Loreto,121,Burbank,California,91520
Vance,Pidduck,6th,62,Montgomery,Alabama,36195
Clywd,Lupson,Briar Crest,5,Newton,Massachusetts,2458
Sherline,Cornejo,Shoshone,837,Honolulu,Hawaii,96835
Jordon,Le Count,Schmedeman,6,Charleston,South Carolina,29416
Veronike,Whettleton,Oak,8417,Charleston,West Virginia,25389
Milli,Pahlsson,Havey,39515,Raleigh,North Carolina,27690
Honoria,Rekes,Washington,81,Springfield,Illinois,62776
Kacy,Aysik,Buell,7,Honolulu,Hawaii,96845
Pattin,Woolmore,Northwestern,5,Dallas,Texas,75277
Walt,Cupper,Cascade,4807,Los Angeles,California,90040
Devonna,Philp,Scott,6,Jamaica,New York,11436
Missie,Jancey,Roxbury,2631,Palmdale,California,93591
Case,Plaschke,Green,77,Louisville,Kentucky,40298
Sam,Dodds,Morningstar,59151,Fresno,California,93750
Hamid,Kofax,Division,6,Boston,Massachusetts,2109
Conan,Fardell,Anderson,9,Baton Rouge,Louisiana,70815
Aurore,Janata,Jenna,3,Mesa,Arizona,85205
Clare,Curd,Golf,998,Baton Rouge,Louisiana,70815
Teodorico,Jeffree,Lukken,0,Tyler,Texas,75710
Duncan,Coo,Portage,213,North Port,Florida,34290
Rudie,Howbrook,6th,9,Washington,District of Columbia,20073
Reeba,Sinderson,Burning Wood,49480,Des Moines,Iowa,50315
Elana,Caherny,Magdeline,7081,Denton,Texas,76205
Basia,Cheyney,Birchwood,3377,Waterbury,Connecticut,6705
Jaquenette,Arent,Morning,1902,Pasadena,California,91131
Rice,Battabee,Katie,78221,Cincinnati,Ohio,45238
Stanley,Ply,Blackbird,5040,Minneapolis,Minnesota,55441
Wiatt,Dyott,Golf Course,6,Troy,Michigan,48098
Wit,Milham,Miller,1561,Richmond,Virginia,23213
Nanete,Ogelsby,Cherokee,5306,Minneapolis,Minnesota,55423
Cammi,Klus,Randy,359,Santa Barbara,California,93150
Penrod,Beadon,Golf,1,Madison,Wisconsin,53710
Cristin,Howell,Mifflin,19,Boise,Idaho,83716
Ilyse,Plascott,Grayhawk,6248,Watertown,Massachusetts,2472
Jackie,Swindell,Loeprich,8703,Oklahoma City,Oklahoma,73124
Selig,Girardez,Dakota,339,Reno,Nevada,89519
Teirtza,Gray,John Wall,579,San Antonio,Texas,78296
Tandi,Rupp,Hoard,22399,Fort Worth,Texas,76121
Cord,LaBastida,Hovde,92,Oklahoma City,Oklahoma,73152
Sheilah,Mellows,Miller,8,Shreveport,Louisiana,71137
Franni,Holde,Bartelt,97089,Virginia Beach,Virginia,23459
Hildy,Tetley,3rd,27798,New Orleans,Louisiana,70160
Teresina,Sydney,Straubel,96479,Jackson,Mississippi,39204
Tersina,Ebrall,Glacier Hill,7794,New Orleans,Louisiana,70124
Ara,Kivlehan,Oak,69529,Las Cruces,New Mexico,88006
Dorice,Fourman,Del Sol,39,Washington,District of Columbia,20029
Jacquette,Yannikov,Coolidge,7604,Harrisburg,Pennsylvania,17121
Lia,Dunckley,Mariners Cove,1919,New Bedford,Massachusetts,2745
Lin,Yurin,Laurel,800,San Diego,California,92127
George,MacEvilly,Linden,7,San Bernardino,California,92415
Beau,Tallquist,Gulseth,75682,Richmond,Virginia,23225
Jade,Kalinovich,Atwood,8,Loretto,Minnesota,55598
Vern,Southam,Cardinal,27,Lehigh Acres,Florida,33972
Everett,Wanley,Judy,46,Tulsa,Oklahoma,74126
Oswell,Le Provost,Morningstar,30586,Los Angeles,California,90030
Ira,Perassi,Bobwhite,19973,Manchester,New Hampshire,3105
Abel,Camble,Straubel,33597,Topeka,Kansas,66699
Belia,Yukhnev,Prairieview,36,Bakersfield,California,93386
Rena,Mallalieu,New Castle,2527,Miami Beach,Florida,33141
Rube,Pleasance,Moland,9722,El Paso,Texas,88546
Eileen,Jahnig,Rigney,5637,New York City,New York,10175
Birk,Filchakov,Ludington,5,Richmond,Virginia,23289
Babbette,Barlow,Roxbury,51286,Rochester,New York,14624
Catriona,Beceril,Del Sol,85421,Burbank,California,91505
Teddie,Backhurst,Graedel,9101,Saint Paul,Minnesota,55127
Putnam,Vasichev,Spenser,5,New York City,New York,10019
Archaimbaud,Cumes,North,19,New Bedford,Massachusetts,2745
Erhart,Mowlam,Crownhardt,383,Sacramento,California,95813
Zaria,Kitto,Pankratz,4673,Greensboro,North Carolina,27404
Rickie,Orbine,North,1,Sunnyvale,California,94089
Mariette,Ritter,Holy Cross,7689,Orlando,Florida,32835
Omar,Ashwell,Morning,12,Tuscaloosa,Alabama,35487
Lay,Pelfer,Fieldstone,82810,Naples,Florida,33963
Lebbie,Doick,Heffernan,130,Atlanta,Georgia,30328
Tybi,Prater,Boyd,813,Omaha,Nebraska,68110
Dimitry,Mashal,Pierstorff,3895,Columbus,Ohio,43240
Griffie,Bru,Morrow,2,Watertown,Massachusetts,2472
Shannah,Rappaport,Moland,23,Terre Haute,Indiana,47805
Jami,Riccardelli,Nova,3500,Fresno,California,93740
Andromache,Hartegan,New Castle,63306,Huntington,West Virginia,25775
Johnny,Boote,Melody,8089,New York City,New York,10249
Bartolemo,Pedican,Boyd,366,Richmond,California,94807
Karlotta,Egdal,Banding,1,Baltimore,Maryland,21203
Mar,De Ruggero,Holy Cross,4,Richmond,Virginia,23242
Gilly,Karolovsky,8th,765,Spring,Texas,77386
Rutherford,Pawsey,Scofield,96562,Colorado Springs,Colorado,80905
Hyacinthe,Barten,Buena Vista,8,Hicksville,New York,11854
Leigh,Van den Bosch,Tennyson,3,Bradenton,Florida,34210
Mercie,Newcomb,Dapin,5,Dearborn,Michigan,48126
Viva,Garrold,John Wall,8025,Orlando,Florida,32808
Roddie,Kyllford,Evergreen,687,Canton,Ohio,44710
Row,Boulter,Anhalt,1,Tacoma,Washington,98464
Juliet,Siene,Manitowish,5,Virginia Beach,Virginia,23454
Norris,Andres,Green Ridge,0,Winston Salem,North Carolina,27116
Ivan,Forker,Hayes,43371,Chicago,Illinois,60686
Berenice,Hillyatt,Northview,9,New York City,New York,10260
Reg,Lack,Westport,497,Buffalo,New York,14269
Murry,Sieghart,Kennedy,5384,Phoenix,Arizona,85010
Allyn,Chalk,Moland,321,San Jose,California,95194
Skylar,Bussen,Westport,94,El Paso,Texas,88546
Townsend,Godsal,Express,970,Memphis,Tennessee,38131
Stirling,Offener,Ramsey,35,San Jose,California,95150
Aurthur,Yakushkev,Clove,936,Washington,District of Columbia,56944
Garey,Chaldecott,2nd,988,Des Moines,Iowa,50320
Cordie,Kaindl,Vermont,114,Duluth,Georgia,30096
Delmore,Heiner,Walton,90306,Amarillo,Texas,79171
Anestassia,Tape,Bashford,7,Tampa,Florida,33615
Ginni,Spry,Darwin,47502,Topeka,Kansas,66667
Blake,Rochester,Union,613,Washington,District of Columbia,20551
Doy,Chiommienti,Elgar,811,Houston,Texas,77240
Robin,Munkton,Hansons,870,Columbia,South Carolina,29208
Dennie,Richin,Bay,5,Charlotte,North Carolina,28284
Freddy,Trevallion,Lukken,3,Miami,Florida,33245
Malina,Egle of Germany,Clarendon,9434,Honolulu,Hawaii,96840
Alphonse,Burder,Coolidge,6,Dallas,Texas,75246
Giraldo,Rance,High Crossing,22871,Carson City,Nevada,89706
Gaspard,Asals,Cordelia,964,Moreno Valley,California,92555
Roxana,Foreman,Corry,3585,Springfield,Illinois,62764
Valentijn,Trotton,Surrey,9843,Kansas City,Missouri,64160
Forbes,Burdfield,Marquette,1,Fort Worth,Texas,76134
Cirillo,Keasley,Everett,57,West Palm Beach,Florida,33411
Renata,Attryde,Norway Maple,961,Fort Smith,Arkansas,72916
Cristie,Puddephatt,Fremont,908,Dallas,Texas,75221
Ellie,Mountstephen,Dennis,4669,Saint Paul,Minnesota,55103
Vaclav,Savile,Eagan,9468,Shawnee Mission,Kansas,66276
Allyn,Ambroziak,Oak,56,San Antonio,Texas,78230
Anastasia,Imlacke,Bartillon,637,Dallas,Texas,75236
Clemente,Govett,Katie,7,Hartford,Connecticut,6160
Nelia,Ivashnyov,Tennyson,15,Lehigh Acres,Florida,33972
Sadella,Stickells,8th,1059,Duluth,Minnesota,55811
Gregory,Lumbly,1st,5,Akron,Ohio,44329
Perle,Lyvon,David,9,Hattiesburg,Mississippi,39404
Andie,Malam,Barby,7,El Paso,Texas,79950
Lauritz,Nolder,Maywood,1759,San Antonio,Texas,78260
Jeffy,Tizard,Burrows,7,Duluth,Georgia,30195
Aurelia,Branscomb,Kingsford,525,Erie,Pennsylvania,16522
Jeramie,Gozney,Emmet,705,Washington,District of Columbia,20580
Giovanni,Agent,Shopko,25,San Antonio,Texas,78220
Padraic,Dashkov,Sutherland,2626,Stamford,Connecticut,6912
Page,Porte,Arapahoe,3,Pittsburgh,Pennsylvania,15261
Merv,Crop,Crescent Oaks,61,Mc Keesport,Pennsylvania,15134
Rosemaria,Spata,Fuller,1,Jacksonville,Florida,32255
Kaylee,Butt Gow,2nd,6,Everett,Washington,98206
Shanda,Dredge,Monterey,1934,Seattle,Washington,98104
Raymund,Loren,Harper,297,Riverside,California,92513
Davy,Treweke,Rutledge,92267,Fresno,California,93715
Mildred,Maybery,Caliangt,333,Missoula,Montana,59806
Khalil,Iacofo,Marcy,974,Largo,Florida,34643
Olympia,Gisburn,Corscot,2,Pasadena,California,91125
Remy,Matuszynski,Buell,659,Richmond,Virginia,23225
Aguste,Kubanek,Bashford,5254,San Diego,California,92176
Rhodie,Matovic,Stoughton,77,Lancaster,California,93584
Norma,Heffron,Corry,855,Houston,Texas,77228
Jewelle,Edwicker,Everett,8866,Newark,Delaware,19725
Bartlet,Stickles,Hoepker,78,Monroe,Louisiana,71208
Karoline,Conybear,Vermont,8564,Hialeah,Florida,33013
Ernst,Henriquet,Crownhardt,791,Fairfax,Virginia,22036
Hedy,Folonin,Kennedy,42,Prescott,Arizona,86305
Kerrin,Dumbrall,Northfield,536,Saint Louis,Missouri,63150
Kirk,Selwyn,Schiller,25408,New York City,New York,10131
Elly,Jandac,Loomis,74,Dallas,Texas,75246
Culver,Winkle,Carey,31,Fairfield,Connecticut,6825
Jameson,Kleszinski,Bluestem,4583,San Antonio,Texas,78215
Booth,Bello,Thackeray,42,Fresno,California,93778
Gannon,Samudio,Village,54,Naples,Florida,34114
Guilbert,Scrivin,Eastlawn,44,Colorado Springs,Colorado,80995
Dorise,Pattesall,Hoard,53,New York City,New York,10150
Zackariah,Muslim,Everett,59899,Louisville,Kentucky,40293
Joceline,Marchello,Atwood,4969,Miami,Florida,33158
Wilfred,Strank,Steensland,4,Washington,District of Columbia,20268
Gilli,Jedrzejewski,Dahle,82529,Littleton,Colorado,80126
Gerrilee,MacAulay,Carpenter,461,Tempe,Arizona,85284
Tuesday,Dawkes,Dennis,702,Juneau,Alaska,99812
Dyane,Littrick,Ruskin,54,Los Angeles,California,90005
Yard,Cull,Oak,7895,Omaha,Nebraska,68105
Mureil,Hanscom,Bellgrove,6443,Orange,California,92862
Ebenezer,Allerton,Glendale,98,Montgomery,Alabama,36114
Clare,Cuel,Holy Cross,921,Philadelphia,Pennsylvania,19146
Joelie,Gyves,Sauthoff,213,Laurel,Maryland,20709
Clementia,Pay,Rigney,3,San Diego,California,92160
Jobyna,Emmines,Mifflin,5509,Minneapolis,Minnesota,55402
Rafael,Peet,Butterfield,61,Topeka,Kansas,66699
Roth,Petican,Hansons,5,Washington,District of Columbia,20591
Garnet,Tolerton,Gerald,55,West Palm Beach,Florida,33416
Gunner,Mee,Gina,4862,Hattiesburg,Mississippi,39404
Margarete,Chivrall,Riverside,8,Sacramento,California,95823
Rodie,Crossan,Sullivan,688,Port Saint Lucie,Florida,34985
Octavia,Coston,Marcy,453,Louisville,Kentucky,40293
Faulkner,Winsome,Roxbury,58,Charleston,South Carolina,29416
Tory,Danzig,Steensland,87564,Winston Salem,North Carolina,27157
Levin,Cleyburn,Utah,7749,Lima,Ohio,45807
Mandy,Gwillyam,Schmedeman,0,Lehigh Acres,Florida,33972
Russ,Gonzalez,Mayfield,55,Riverside,California,92513
Ulberto,Maine,Thackeray,66156,Las Vegas,Nevada,89130
Fransisco,Rome,Ryan,4941,Van Nuys,California,91411
Ofella,Persey,Fieldstone,27528,Houston,Texas,77010
Wilek,Enga,Meadow Valley,8,Seattle,Washington,98133
Emlyn,Americi,Blackbird,252,Ashburn,Virginia,22093
Sherwin,Duxbarry,Hooker,37,Lansing,Michigan,48901
Jamill,Glaserman,Swallow,8659,Richmond,Virginia,23203
Doe,Wavish,Dayton,16867,Reno,Nevada,89519
Svend,Sweeny,Monica,18786,Austin,Texas,78715
Tove,Lanfranchi,Crownhardt,7087,Washington,District of Columbia,20470
Gilbertina,Mudle,Schmedeman,87761,Kansas City,Missouri,64149
Joye,Rosendall,Golf View,7,Kansas City,Missouri,64114
Penn,Ware,Novick,780,Odessa,Texas,79769
Ian,Radloff,Jay,1157,Valdosta,Georgia,31605
Deonne,Pratchett,7th,94941,Jackson,Tennessee,38308
Kalindi,Fetherston,Chive,5,Philadelphia,Pennsylvania,19141
Sherwin,Pafford,Gateway,1,Little Rock,Arkansas,72209
Essy,Froment,Carberry,6,New York City,New York,10175
Fonzie,Shitliff,Dottie,6,Terre Haute,Indiana,47805
Beverlie,Urwen,Dayton,8447,Columbus,Georgia,31904
Garold,Prisk,Autumn Leaf,1020,Lima,Ohio,45807
Wendel,Watton,Transport,763,Detroit,Michigan,48267
Lesli,Jakubovicz,Cambridge,28503,New Orleans,Louisiana,70160
Rudd,Brokenshaw,Scofield,6,Flushing,New York,11388
Cindy,Ciepluch,Union,61996,Springfield,Missouri,65805
Laurette,Formigli,Spenser,59,Saint Augustine,Florida,32092
Reina,Bartram,Sugar,6352,Hollywood,Florida,33028
Jennee,Blunkett,Green,9,Wilmington,North Carolina,28405
Jilli,Adds,Katie,55,Sacramento,California,95838
Bellanca,Walklot,Spohn,4,Arlington,Virginia,22212
Lindie,Giveen,Lake View,602,Boise,Idaho,83757
Peggi,Eisenberg,Merry,7,Odessa,Texas,79769
Liz,Snartt,Crest Line,77555,Dallas,Texas,75231
Gerald,Lain,Amoth,16842,Palmdale,California,93591
Grantham,Facher,Parkside,1,Washington,District of Columbia,20540
Pail,Wahncke,Katie,70868,Bozeman,Montana,59771
Ernst,Windram,Sloan,55630,San Francisco,California,94105
Cristie,Batiste,Mayfield,7654,Huntington,West Virginia,25775
Trstram,Arro,Dovetail,512,Fort Worth,Texas,76192
Verena,Bonevant,Hagan,85299,Atlanta,Georgia,31106
Sheilah,Moscon,Hollow Ridge,75170,Raleigh,North Carolina,27658
Ryun,Mascall,Golf,82,Houston,Texas,77045
Mikkel,Burnhard,Boyd,20,Seattle,Washington,98109
Mozes,Wilhelmy,Melrose,34,Springfield,Missouri,65810
Becky,Scotchmer,Forest,5014,Salt Lake City,Utah,84140
Delaney,Noye,Kipling,5,Toledo,Ohio,43666
Jennica,Couling,North,5680,Milwaukee,Wisconsin,53285
Ashton,Darwin,Hoffman,9164,Saint Petersburg,Florida,33705
Theodosia,Rhodus,Rieder,5542,Dayton,Ohio,45414
Avram,Tatters,Dwight,2,Roanoke,Virginia,24040
De,Roberts,Gina,64028,Houston,Texas,77206
Benedicta,Crone,Coolidge,7488,Washington,District of Columbia,20046
Cassandre,Gooda,Service,614,Charleston,West Virginia,25321
Yevette,Lawden,Arapahoe,890,Appleton,Wisconsin,54915
Merlina,Anchor,Bartelt,742,Pittsburgh,Pennsylvania,15261
Elijah,Luisetti,Helena,5,Minneapolis,Minnesota,55423
Theobald,Jervis,Kensington,51,Houston,Texas,77260
Darby,Bottleson,Namekagon,9931,Glendale,Arizona,85305
Lurette,Shakespeare,South,36353,Iowa City,Iowa,52245
Henryetta,Methley,Pawling,291,Washington,District of Columbia,20404
Marj,Drewry,Butternut,57,Kansas City,Kansas,66160
Ethelind,Paradis,Monica,7004,Long Beach,California,90840
Gaye,Ollerenshaw,Gale,42,Oklahoma City,Oklahoma,73124
Barri,Henner,Rusk,7,Fayetteville,North Carolina,28305
Roxy,Mattusevich,Thompson,1554,El Paso,Texas,88541
Benni,Rosas,6th,916,Tacoma,Washington,98405
Viki,Cardello,Erie,93162,Roanoke,Virginia,24004
Gaelan,Symons,Cascade,7319,Saint Petersburg,Florida,33742
Joby,Garnam,Knutson,6814,San Diego,California,92132
Sula,Schoroder,Chive,78126,Atlanta,Georgia,30306
Ashlie,Leguey,Village Green,49942,Phoenix,Arizona,85077
Kassia,Beere,Continental,68186,Amarillo,Texas,79159
Mikkel,Roscoe,Kennedy,750,Las Vegas,Nevada,89145
Lucien,Beebis,Heffernan,8,Riverside,California,92513
Sonia,Piddick,Johnson,500,Trenton,New Jersey,8695
Ofelia,Labbey,Kings,3167,Jersey City,New Jersey,7305
Bili,Prowting,Stuart,457,Houston,Texas,77025
Kelsey,Boolsen,Sheridan,97,Anaheim,California,92825
Celisse,Dabbes,Heath,959,Charlotte,North Carolina,28289
Thatcher,Joye,Sachs,71229,New York City,New York,10024
Randolf,Trenholme,Anzinger,18,Atlanta,Georgia,30380
Aksel,Otterwell,Katie,9510,Houston,Texas,77212
Linzy,Bratch,Boyd,3175,Washington,District of Columbia,20041
Layney,Crockford,Hintze,8,Saint Petersburg,Florida,33737
Catlin,Serjent,Erie,1670,Des Moines,Iowa,50393
Angelina,Patterfield,Kropf,5080,Atlanta,Georgia,30328
Mahmoud,Grimwad,Boyd,870,Wichita Falls,Texas,76305
Allx,Fishpool,Redwing,25,Grand Rapids,Michigan,49518
Holden,Featherbie,Morningstar,4947,Orlando,Florida,32859
Babbie,Edgerley,Meadow Vale,2573,Philadelphia,Pennsylvania,19115
Kelsi,Cowtherd,Laurel,566,Hartford,Connecticut,6105
Carleen,Bonas,Hintze,1,Shawnee Mission,Kansas,66210
Lyle,Scully,Annamark,4,Buffalo,New York,14225
Mayne,Hannant,Weeping Birch,67878,Scottsdale,Arizona,85271
Guilbert,Gauntlett,Vernon,1,Houston,Texas,77255
Erastus,Hinken,Lakeland,74,Philadelphia,Pennsylvania,19178
Raymond,Kesby,Commercial,1917,Gainesville,Georgia,30506
Saudra,Tibalt,Continental,350,Jeffersonville,Indiana,47134
Ashla,Broadberrie,Dawn,2,Saint Louis,Missouri,63169
Pattie,Southern,Shelley,2658,Philadelphia,Pennsylvania,19191
Luciano,Nitti,Loftsgordon,52,Billings,Montana,59105
Elspeth,Sloyan,Bartelt,49,Boca Raton,Florida,33487
Loralie,Duffield,Colorado,4,Philadelphia,Pennsylvania,19172
Nisse,Chritchlow,Armistice,71,Los Angeles,California,90071
Thekla,Von Gladbach,Del Sol,124,Amarillo,Texas,79105
Avril,Farfalameev,Loomis,5,Mobile,Alabama,36610
Broderick,Hourstan,Green Ridge,2595,Los Angeles,California,90050
Nerti,De Vaar,Cody,503,San Antonio,Texas,78296
Vincenz,Gooley,Meadow Valley,7,San Francisco,California,94147
Max,Soall,Declaration,0,Boca Raton,Florida,33499
Thomasa,Connichie,Shoshone,83,Austin,Texas,78789
Daloris,Myton,Hermina,8,Houston,Texas,77266
Cassondra,Tosney,Kenwood,9476,Raleigh,North Carolina,27605
Etienne,Bette,Harbort,81102,Omaha,Nebraska,68144
Zollie,Zanolli,Melby,28199,Fort Smith,Arkansas,72905
Arther,Bartlosz,Kennedy,85303,Tulsa,Oklahoma,74170
Galen,Rawsthorn,Steensland,786,Dayton,Ohio,45470
Ann-marie,Clempton,Lakewood,6481,El Paso,Texas,88569
Rachele,Imorts,Pine View,87675,San Diego,California,92132
Winny,Searson,Ramsey,318,Fort Worth,Texas,76192
Aloysia,Ewence,Sage,34998,Jacksonville,Florida,32244
Lester,Bayford,South,16810,Charlotte,North Carolina,28242
Joachim,Rosenstengel,West,17350,Portland,Oregon,97229
Tremain,Dinsell,Marquette,5720,Portland,Oregon,97271
Vito,Moxstead,Moland,1,Reston,Virginia,22096
Jehanna,Ferrucci,Welch,329,San Antonio,Texas,78205
Madelaine,Cremen,Loftsgordon,4191,Brooklyn,New York,11231
Darill,Mundwell,Burning Wood,4,Colorado Springs,Colorado,80940
Conroy,Goosnell,Buena Vista,296,Wichita,Kansas,67210
Tuck,Spottswood,Ronald Regan,2440,Richmond,Virginia,23208
Beatrix,Morl,Briar Crest,4776,El Paso,Texas,88541
Corbet,Michelet,Schlimgen,2212,Kansas City,Missouri,64130
Zara,O' Kelleher,Stoughton,85,South Bend,Indiana,46620
Guenevere,Moodey,Dryden,8,Battle Creek,Michigan,49018
William,Golston,Carioca,13,Seattle,Washington,98133
Ulrike,Tows,Summer Ridge,902,Panama City,Florida,32405
Gerrie,Praton,Pine View,4,San Jose,California,95108
Ferd,Brabban,Debra,42091,Topeka,Kansas,66622
Jemie,Lindgren,Northview,81455,San Jose,California,95108
Francis,Rosenstengel,Laurel,703,Long Beach,California,90831
Devinne,Brummell,Moland,569,Seattle,Washington,98158
Cazzie,Lochet,Cascade,656,Brockton,Massachusetts,2305
Virginia,Limpertz,Golf,54447,Washington,District of Columbia,20392
La verne,Childerhouse,Reindahl,76538,Anaheim,California,92825
Ninnette,Jeckell,Knutson,531,San Diego,California,92115
Giana,McNutt,Stone Corner,6194,Rochester,New York,14624
Constantia,Fairney,Delladonna,14,Lubbock,Texas,79405
Alyss,Vamplus,Gulseth,4,Pittsburgh,Pennsylvania,15274
Vally,Litton,Duke,7817,Pompano Beach,Florida,33069
Willi,Skahill,Harper,99559,Arlington,Virginia,22225
Dalila,Spearett,Merrick,1331,Cincinnati,Ohio,45208
Alfie,Dollimore,Fulton,6446,Bellevue,Washington,98008
Reinaldo,Frontczak,Reinke,8,New York City,New York,10110
Truman,Piletic,Petterle,90,Bryan,Texas,77806
Demetris,Suttle,Briar Crest,5261,Lehigh Acres,Florida,33972
Ferrel,Verrick,Corben,9869,New York City,New York,10009
Sonny,Lotze,Onsgard,6296,Jamaica,New York,11436
Layne,Feldmark,Riverside,20,Las Vegas,Nevada,89178
Agnola,Kitteringham,Chive,76509,Columbus,Mississippi,39705
Nickola,Curado,Sycamore,88439,Boston,Massachusetts,2208
Gregorius,Pettegre,Reindahl,1323,Jacksonville,Florida,32204
Ignazio,Pyvis,Bay,917,Worcester,Massachusetts,1610
Ruperta,Feeham,Elmside,979,Dearborn,Michigan,48126
Ernesta,Howood,Summerview,746,Tampa,Florida,33673
Hubie,Ballantyne,Graedel,3237,El Paso,Texas,79968
Ray,Pountney,Green Ridge,88831,Lincoln,Nebraska,68517
Glynda,Avramow,Nobel,3945,Anniston,Alabama,36205
Merle,Ickovits,Memorial,9454,Honolulu,Hawaii,96835
Petronia,Blader,Debs,58,Charlotte,North Carolina,28256
Lowe,Hewell,1st,96385,Washington,District of Columbia,20029
Rycca,Bussons,Farwell,73,Shawnee Mission,Kansas,66286
Jules,Blundell,Debs,663,Charleston,West Virginia,25321
Shalne,Alison,Lakewood Gardens,1547,San Francisco,California,94121
Damita,Lafont,Shopko,4,Chicago,Illinois,60614
Quincy,Grzegorecki,Lindbergh,738,San Francisco,California,94121
Reamonn,Sargant,Troy,46,Amarillo,Texas,79159
Osbert,Measey,Coolidge,71530,Pueblo,Colorado,81015
Vita,Keam,Cardinal,50,Pasadena,California,91199
Hephzibah,Laydon,Dexter,92,Winston Salem,North Carolina,27105
